1;Sandy;Schillebeeckx;10/04/1978;sschillebeeckx@abis.be;somepass1;ABIS;Diestsevest;32/4b;3000;Leuven;België;null;
2;Koen;De Backer;25/11/1962;kdebacker@abis.be;somepass2;ABIS;Diestsevest;32/4b;3000;Leuven;België;null;
3;Gie;Indesteege;19/08/1958;gindesteege@abis.be;somepass3;ABIS;Diestsevest;32/4b;3000;Leuven;België;null;
4;Bart;Lemarcq;12/02/1976;blemarcq@abis.be;somepass4;ABIS;Diestsevest;32/4b;3000;Leuven;België;null;
5;Michel;Dupont;05/05/1980;michel.dupont@bnpparibasfortis.com;somepass5;BNP Paribas Fortis;Sint-Lazaruslaan;10;1210;Saint-Josse-Ten-Noode;Belgique;null;
6;Anne;Van der Meulen;30/09/1984;anne.vandermeulen@bnpparibasfortis.com;somepass6;BNP Paribas Fortis;Sint-Lazaruslaan;10;1210;Saint-Josse-Ten-Noode;Belgique;null;
7;Bob;Miles;11/03/1967;bob.miles@ibm.com;somepass7;IBM;Avenue du Bourget;42;1130;Brussels;Belgium;null;
8;Willem-Alexander;Janssen;18/01/1971;willemalexander.janssen@klm.nl;somepass8;KLM;Amsterdamseweg;55;1182GP;Amstelveen;Nederland;null;
9;Jef;Smits;10/10/1988;jefke@yahoo.com;somepass9;null;null;null;null;null;null;null;
